{
  "train_losses": [],
  "eval_losses": [
    {
      "step": 0,
      "loss": 1.400228500366211
    },
    {
      "step": 0,
      "loss": 1.400228500366211
    }
  ]
}