Model,Train,Test IsoFLOP,Test IsoToken
NQS,3.851387107742432e-05,3.463090596480466e-05,
Chinchilla,1.2943905165157927e-05,5.9948383934655e-05,
