Model,Train,Test IsoFLOP,Test IsoToken
NQS,0.0021787747313399804,0.0023859298412106022,
Chinchilla,0.00035843922930239435,0.00452327174747224,
