model_name,train_eval_metric,test_eval_metric
nqs,4.9766728356778085,5.260459134665389
chinchilla_2,1.5739407044796354,14.850570585875786
