N,B,K,lr,end_lr,momentum,lr_schedule,optimizer,step_decay_schedule,C,R,D
50000000,1,10000,0.001,0.1,0.0,cosine,adamw,"{""decay_at"": [0.5], ""decay_amt"": [1.0]}",9200000,0.4096,1966080000
50000000,3,5000,0.001,0.1,0.0,cosine,adamw,"{""decay_at"": [0.5], ""decay_amt"": [1.0]}",9200000,0.6144,1966080000
50000000,6,2500,0.001,0.1,0.0,cosine,adamw,"{""decay_at"": [0.5], ""decay_amt"": [1.0]}",9200000,0.6144,1966080000
50000000,12,1250,0.001,0.1,0.0,cosine,adamw,"{""decay_at"": [0.5], ""decay_amt"": [1.0]}",9200000,0.6144,1966080000
50000000,24,626,0.001,0.1,0.0,cosine,adamw,"{""decay_at"": [0.5], ""decay_amt"": [1.0]}",9200000,0.61538304,1966080000
50000000,48,312,0.001,0.1,0.0,cosine,adamw,"{""decay_at"": [0.5], ""decay_amt"": [1.0]}",9200000,0.61341696,1966080000
50000000,96,156,0.001,0.1,0.0,cosine,adamw,"{""decay_at"": [0.5], ""decay_amt"": [1.0]}",9200000,0.61341696,1966080000
50000000,192,78,0.001,0.1,0.0,cosine,adamw,"{""decay_at"": [0.5], ""decay_amt"": [1.0]}",9200000,0.61341696,1966080000