N,B,K,lr,end_lr,momentum,lr_schedule,optimizer,step_decay_schedule,C,R,D
50000000,24,5000,0.001,0.1,0.0,cosine,adamw,"{""decay_at"": [0.5], ""decay_amt"": [1.0]}",73700000,9.8304,1966080000
50000000,48,2500,0.001,0.1,0.0,cosine,adamw,"{""decay_at"": [0.5], ""decay_amt"": [1.0]}",73700000,9.8304,1966080000
50000000,96,1250,0.001,0.1,0.0,cosine,adamw,"{""decay_at"": [0.5], ""decay_amt"": [1.0]}",73700000,9.8304,1966080000
50000000,192,626,0.001,0.1,0.0,cosine,adamw,"{""decay_at"": [0.5], ""decay_amt"": [1.0]}",73700000,9.8304,1966080000
50000000,384,312,0.001,0.1,0.0,cosine,adamw,"{""decay_at"": [0.5], ""decay_amt"": [1.0]}",73700000,9.84612864,1966080000
50000000,768,156,0.001,0.1,0.0,cosine,adamw,"{""decay_at"": [0.5], ""decay_amt"": [1.0]}",73700000,9.81467136,1966080000
50000000,1536,78,0.001,0.1,0.0,cosine,adamw,"{""decay_at"": [0.5], ""decay_amt"": [1.0]}",73700000,9.81467136,1966080000