N,B,K,lr,end_lr,momentum,lr_schedule,optimizer,step_decay_schedule,C,actual_N,D,R
2000000,384,24922,0.001,0.1,0.0,cosine,adamw,"{""decay_at"": [0.5], ""decay_amt"": [1.0]}",14700000,4369568,8883732480,549.912576
4000000,384,12461,0.001,0.1,0.0,cosine,adamw,"{""decay_at"": [0.5], ""decay_amt"": [1.0]}",14700000,7723008,8883732480,157.865984
8000000,384,6230,0.001,0.1,0.0,cosine,adamw,"{""decay_at"": [0.5], ""decay_amt"": [1.0]}",14700000,15877200,8883732480,37.39392
16000000,384,3115,0.001,0.1,0.0,cosine,adamw,"{""decay_at"": [0.5], ""decay_amt"": [1.0]}",14700000,29987232,8883732480,10.139136
32000000,384,1557,0.001,0.1,0.0,cosine,adamw,"{""decay_at"": [0.5], ""decay_amt"": [1.0]}",14700000,63790848,8883732480,2.36544