N,B,K,lr,end_lr,momentum,lr_schedule,optimizer,step_decay_schedule,C,actual_N,D
64000000,9134,135200,0.001,0.1,0.0,cosine,adamw,"{""decay_at"": [0.5], ""decay_amt"": [1.0]}",60500000000,63790848,158068997644.3016
128000000,6909,94137,0.001,0.1,0.0,cosine,adamw,"{""decay_at"": [0.5], ""decay_amt"": [1.0]}",60500000000,121123072,83249834800.4912
256000000,5014,62150,0.001,0.1,0.0,cosine,adamw,"{""decay_at"": [0.5], ""decay_amt"": [1.0]}",60500000000,252798416,39887349131.11165
512000000,3665,41399,0.001,0.1,0.0,cosine,adamw,"{""decay_at"": [0.5], ""decay_amt"": [1.0]}",60500000000,519186432,19421045880.027927
1024000000,2695,27794,0.001,0.1,0.0,cosine,adamw,"{""decay_at"": [0.5], ""decay_amt"": [1.0]}",60500000000,1051646976,9587954652.341434
2048000000,2011,19007,0.001,0.1,0.0,cosine,adamw,"{""decay_at"": [0.5], ""decay_amt"": [1.0]}",60500000000,2060953600,4892465078.3792515