N,B,K,lr,end_lr,momentum,lr_schedule,optimizer,step_decay_schedule,C,actual_N,D
8000000,384,102400,0.001,0.1,0.0,cosine,adamw,"{""decay_at"": [0.5], ""decay_amt"": [1.0]}",241591910.39999998,8000000,5033164800
32000000,96,102400,0.001,0.1,0.0,cosine,adamw,"{""decay_at"": [0.5], ""decay_amt"": [1.0]}",241591910.39999998,32000000,1258291200
64000000,48,102400,0.001,0.1,0.0,cosine,adamw,"{""decay_at"": [0.5], ""decay_amt"": [1.0]}",241591910.39999998,64000000,629145600
128000000,24,102400,0.001,0.1,0.0,cosine,adamw,"{""decay_at"": [0.5], ""decay_amt"": [1.0]}",241591910.39999998,128000000,314572800
256000000,12,102400,0.001,0.1,0.0,cosine,adamw,"{""decay_at"": [0.5], ""decay_amt"": [1.0]}",241591910.39999998,256000000,157286400