N,B,K,lr,end_lr,momentum,lr_schedule,optimizer,step_decay_schedule,C,actual_N,D
64000000,4990,61766,0.001,0.1,0.0,cosine,adamw,"{""decay_at"": [0.5], ""decay_amt"": [1.0]}",15100000000,63790848,39450959014.05794
128000000,3775,43003,0.001,0.1,0.0,cosine,adamw,"{""decay_at"": [0.5], ""decay_amt"": [1.0]}",15100000000,121123072,20778823351.376026
256000000,2740,28383,0.001,0.1,0.0,cosine,adamw,"{""decay_at"": [0.5], ""decay_amt"": [1.0]}",15100000000,252798416,9954466958.242334
512000000,2003,18908,0.001,0.1,0.0,cosine,adamw,"{""decay_at"": [0.5], ""decay_amt"": [1.0]}",15100000000,519186432,4847680200.702933
1024000000,1473,12693,0.001,0.1,0.0,cosine,adamw,"{""decay_at"": [0.5], ""decay_amt"": [1.0]}",15100000000,1051646976,2393245874.630842
2048000000,1099,8681,0.001,0.1,0.0,cosine,adamw,"{""decay_at"": [0.5], ""decay_amt"": [1.0]}",15100000000,2060953600,1221206429.3344595