N,B,K,lr,end_lr,momentum,lr_schedule,optimizer,step_decay_schedule,C,actual_N,D
64000000,1202,1029007,1.999,0.1,0.0,constant,sgd,"{""decay_at"": [0.5], ""decay_amt"": [1.0]}",60500000000,63790848,158318825152.5987
128000000,967,709565,1.999,0.1,0.0,constant,sgd,"{""decay_at"": [0.5], ""decay_amt"": [1.0]}",60500000000,121123072,87827163058.47989
256000000,727,433318,1.999,0.1,0.0,constant,sgd,"{""decay_at"": [0.5], ""decay_amt"": [1.0]}",60500000000,252798416,40322879799.310135
512000000,552,270602,1.999,0.1,0.0,constant,sgd,"{""decay_at"": [0.5], ""decay_amt"": [1.0]}",60500000000,519186432,19119643089.594456
1024000000,426,173107,1.999,0.1,0.0,constant,sgd,"{""decay_at"": [0.5], ""decay_amt"": [1.0]}",60500000000,1051646976,9439155442.21562
2048000000,333,113001,1.999,0.1,0.0,constant,sgd,"{""decay_at"": [0.5], ""decay_amt"": [1.0]}",60500000000,2060953600,4816537003.453158
