{
  "p": 1.1169923126408567,
  "q": 0.5880068752176018,
  "P": 3.581383803474162,
  "Q": 0.9355347298617339,
  "e_irr": 0.44947765223894076,
  "R": 4.282677723527906,
  "r": 1.4850559677444017
}